Job Title,Company Name,Location (City),Location (State),"Date Posted (Day, Month, Day of Week)",Date Posted (Year)
Senior Python Developer,"Payne, Roberts and Davis",Stewartbury, AA,"Thursday, 08 April",2021
Energy engineer,Vasquez-Davidson,Christopherville, AA,"Thursday, 08 April",2021
Legal executive,"Jackson, Chambers and Levy",Port Ericaburgh, AA,"Thursday, 08 April",2021
Fitness centre manager,Savage-Bradley,East Seanview, AP,"Thursday, 08 April",2021
Product manager,Ramirez Inc,North Jamieview, AP,"Thursday, 08 April",2021
Medical technical officer,Rogers-Yates,Davidville, AP,"Thursday, 08 April",2021
Physiological scientist,Kramer-Klein,South Christopher, AE,"Thursday, 08 April",2021
Textile designer,Meyers-Johnson,Port Jonathan, AE,"Thursday, 08 April",2021
Television floor manager,Hughes-Williams,Osbornetown, AE,"Thursday, 08 April",2021
Waste management officer,"Jones, Williams and Villa",Scotttown, AP,"Thursday, 08 April",2021
Software Engineer (Python),Garcia PLC,Ericberg, AE,"Thursday, 08 April",2021
Interpreter,Gregory and Sons,Ramireztown, AE,"Thursday, 08 April",2021
Architect,"Clark, Garcia and Sosa",Figueroaview, AA,"Thursday, 08 April",2021
Meteorologist,Bush PLC,Kelseystad, AA,"Thursday, 08 April",2021
Audiological scientist,Salazar-Meyers,Williamsburgh, AE,"Thursday, 08 April",2021
English as a second language teacher,"Parker, Murphy and Brooks",Mitchellburgh, AE,"Thursday, 08 April",2021
Surgeon,Cruz-Brown,West Jessicabury, AA,"Thursday, 08 April",2021
Equities trader,Macdonald-Ferguson,Maloneshire, AE,"Thursday, 08 April",2021
Newspaper journalist,"Williams, Peterson and Rojas",Johnsonton, AA,"Thursday, 08 April",2021
Materials engineer,Smith and Sons,South Davidtown, AP,"Thursday, 08 April",2021
Python Programmer (Entry-Level),"Moss, Duncan and Allen",Port Sara, AE,"Thursday, 08 April",2021
Product/process development scientist,Gomez-Carroll,Marktown, AA,"Thursday, 08 April",2021
"Scientist, research (maths)","Manning, Welch and Herring",Laurenland, AE,"Thursday, 08 April",2021
Ecologist,"Lee, Gutierrez and Brown",Lauraton, AP,"Thursday, 08 April",2021
Materials engineer,"Davis, Serrano and Cook",South Tammyberg, AP,"Thursday, 08 April",2021
Historic buildings inspector/conservation officer,Smith LLC,North Brandonville, AP,"Thursday, 08 April",2021
Data scientist,Thomas Group,Port Robertfurt, AA,"Thursday, 08 April",2021
Psychiatrist,Silva-King,Burnettbury, AE,"Thursday, 08 April",2021
Structural engineer,Pierce-Long,Herbertside, AA,"Thursday, 08 April",2021
Immigration officer,Walker-Simpson,Christopherport, AP,"Thursday, 08 April",2021
Python Programmer (Entry-Level),Cooper and Sons,West Victor, AE,"Thursday, 08 April",2021
Neurosurgeon,"Donovan, Gonzalez and Figueroa",Port Aaron, AP,"Thursday, 08 April",2021
Broadcast engineer,"Morgan, Butler and Bennett",Loribury, AA,"Thursday, 08 April",2021
Make,Snyder-Lee,Angelastad, AP,"Thursday, 08 April",2021
"Nurse, adult",Harris PLC,Larrytown, AE,"Thursday, 08 April",2021
Air broker,Washington PLC,West Colin, AP,"Thursday, 08 April",2021
"Editor, film/video","Brown, Price and Campbell",West Stephanie, AP,"Thursday, 08 April",2021
"Production assistant, radio",Mcgee PLC,Laurentown, AP,"Thursday, 08 April",2021
"Engineer, communications",Dixon Inc,Wrightberg, AP,"Thursday, 08 April",2021
Sales executive,"Thompson, Sheppard and Ward",Alberttown, AE,"Thursday, 08 April",2021
Software Developer (Python),Adams-Brewer,Brockburgh, AE,"Thursday, 08 April",2021
Futures trader,Schneider-Brady,North Jason, AE,"Thursday, 08 April",2021
Tour manager,Gonzales-Frank,Arnoldhaven, AE,"Thursday, 08 April",2021
Cytogeneticist,Smith-Wong,Lake Destiny, AP,"Thursday, 08 April",2021
"Designer, multimedia",Pierce-Herrera,South Timothyburgh, AP,"Thursday, 08 April",2021
Trade union research officer,"Aguilar, Rivera and Quinn",New Jimmyton, AE,"Thursday, 08 April",2021
"Chemist, analytical","Lowe, Barnes and Thomas",New Lucasbury, AP,"Thursday, 08 April",2021
"Programmer, multimedia","Lewis, Gonzalez and Vasquez",Port Cory, AE,"Thursday, 08 April",2021
"Engineer, broadcasting (operations)",Taylor PLC,Gileston, AA,"Thursday, 08 April",2021
"Teacher, primary school","Oliver, Jones and Ramirez",Cindyshire, AA,"Thursday, 08 April",2021
Python Developer,Rivera and Sons,East Michaelfort, AA,"Thursday, 08 April",2021
Manufacturing systems engineer,Garcia PLC,Joybury, AE,"Thursday, 08 April",2021
"Producer, television/film/video","Johnson, Wells and Kramer",Emmatown, AE,"Thursday, 08 April",2021
"Scientist, forensic",Gonzalez LLC,Colehaven, AP,"Thursday, 08 April",2021
Bonds trader,"Morgan, White and Macdonald",Port Coryton, AE,"Thursday, 08 April",2021
Editorial assistant,Robinson-Fitzpatrick,Amyborough, AA,"Thursday, 08 April",2021
Photographer,"Waters, Wilson and Hoover",Reynoldsville, AA,"Thursday, 08 April",2021
Retail banker,Hill LLC,Port Billy, AP,"Thursday, 08 April",2021
Jewellery designer,Li-Gregory,Adamburgh, AA,"Thursday, 08 April",2021
Ophthalmologist,"Fisher, Ryan and Coleman",Wilsonmouth, AA,"Thursday, 08 April",2021
"Back-End Web Developer (Python, Django)",Stewart-Alexander,South Kimberly, AA,"Thursday, 08 April",2021
Licensed conveyancer,Abbott and Sons,Benjaminland, AP,"Thursday, 08 April",2021
Futures trader,"Bryant, Santana and Davenport",Zacharyport, AA,"Thursday, 08 April",2021
Counselling psychologist,Smith PLC,Port Devonville, AE,"Thursday, 08 April",2021
Insurance underwriter,Patterson-Singh,East Thomas, AE,"Thursday, 08 April",2021
"Engineer, automotive",Martinez-Berry,New Jeffrey, AP,"Thursday, 08 April",2021
"Producer, radio","May, Taylor and Fisher",Davidside, AA,"Thursday, 08 April",2021
Dispensing optician,"Bailey, Owen and Thompson",Jamesville, AA,"Thursday, 08 April",2021
"Designer, fashion/clothing",Vasquez Ltd,New Kelly, AP,"Thursday, 08 April",2021
Chartered loss adjuster,Leblanc LLC,Lake Antonio, AA,"Thursday, 08 April",2021
"Back-End Web Developer (Python, Django)","Jackson, Ali and Mckee",New Elizabethside, AA,"Thursday, 08 April",2021
Forest/woodland manager,"Blankenship, Knight and Powell",Millsbury, AE,"Thursday, 08 April",2021
Clinical cytogeneticist,"Patton, Haynes and Jones",Lloydton, AP,"Thursday, 08 April",2021
Print production planner,Wood Inc,Port Jeremy, AA,"Thursday, 08 April",2021
Systems developer,Collins Group,New Elizabethtown, AA,"Thursday, 08 April",2021
Graphic designer,Flores-Nelson,Charlesstad, AE,"Thursday, 08 April",2021
Writer,"Mitchell, Jones and Olson",Josephbury, AE,"Thursday, 08 April",2021
Field seismologist,Howard Group,Seanfurt, AA,"Thursday, 08 April",2021
Chief Strategy Officer,Kramer-Edwards,Williambury, AA,"Thursday, 08 April",2021
Air cabin crew,Berry-Houston,South Jorgeside, AP,"Thursday, 08 April",2021
Python Programmer (Entry-Level),Mathews Inc,Robertborough, AP,"Thursday, 08 April",2021
Warden/ranger,Riley-Johnson,South Saratown, AP,"Thursday, 08 April",2021
Sports therapist,Spencer and Sons,Hullview, AA,"Thursday, 08 April",2021
Arts development officer,Camacho-Sanchez,Philipland, AP,"Thursday, 08 April",2021
Printmaker,Oliver and Sons,North Patty, AE,"Thursday, 08 April",2021
Health and safety adviser,Eaton PLC,North Stephen, AE,"Thursday, 08 April",2021
Manufacturing systems engineer,Stanley-Frederick,Stevensland, AP,"Thursday, 08 April",2021
"Programmer, applications",Bradley LLC,Reyesstad, AE,"Thursday, 08 April",2021
Medical physicist,"Parker, Goodwin and Zavala",Bellberg, AP,"Thursday, 08 April",2021
Media planner,Kim-Miles,North Johnland, AE,"Thursday, 08 April",2021
Software Developer (Python),Moreno-Rodriguez,Martinezburgh, AE,"Thursday, 08 April",2021
"Surveyor, land/geomatics",Brown-Ortiz,Joshuatown, AE,"Thursday, 08 April",2021
Legal executive,Hartman PLC,West Ericstad, AA,"Thursday, 08 April",2021
"Librarian, academic",Brooks Inc,Tuckertown, AE,"Thursday, 08 April",2021
Barrister,Washington-Castillo,Perezton, AE,"Thursday, 08 April",2021
Museum/gallery exhibitions officer,"Nguyen, Yoder and Petty",Lake Abigail, AE,"Thursday, 08 April",2021
"Radiographer, diagnostic",Holder LLC,Jacobshire, AP,"Thursday, 08 April",2021
Database administrator,Yates-Ferguson,Port Susan, AE,"Thursday, 08 April",2021
Furniture designer,Ortega-Lawrence,North Tiffany, AA,"Thursday, 08 April",2021
Ship broker,"Fuentes, Walls and Castro",Michelleville, AP,"Thursday, 08 April",2021
